{"episode_types": ["t", "t", "t", "t", "t", "t", "t", "t", "t", "t", "t", "t", "t", "t", "t", "t", "t", "t", "t", "t", "t", "t", "t"], "initial_reset_timestamp": 1509411746.6490555, "timestamps": [1509411747.9459195, 1509411749.928336, 1509411751.547843, 1509411751.9196982, 1509411752.347783, 1509411752.730883, 1509411754.5001087, 1509411755.0373006, 1509411759.193211, 1509411760.861674, 1509411761.4010766, 1509411761.8023062, 1509411762.2833867, 1509411764.2163794, 1509411764.5620527, 1509411764.8396134, 1509411765.370935, 1509411766.190699, 1509411767.034649, 1509411767.822017, 1509411768.7794042, 1509411770.0645626], "episode_lengths": [67, 79, 115, 83, 111, 81, 109, 111, 131, 65, 113, 83, 110, 141, 87, 70, 117, 88, 95, 80, 103, 195], "episode_rewards": [-248.2793759966327, -176.2204020469788, -382.7925614960896, -222.28653618086236, -487.2296626901065, -100.81919366336228, -474.0528500049251, -492.0778670377126, -226.79166555055895, -86.05746015430995, -337.42181013140384, -471.1307230107639, -187.06412178222246, -260.595593595712, -126.6167676621504, -127.95175991382649, -182.95083924663243, -424.62361767941826, -359.3851044497126, -418.5285399008044, -191.33157206808818, -283.0451807046878]}